,Utterance,Cluster,Cluster Name
0,πρέπει έχω πάσο βάλω φοιτητικός,11,φοιτητικό πακέτο
1,θέλω κάνω διακανονισμός όλο ληξιπρόθεσμο,14,διακανονισμός οφειλής
2,θέλω χρόνος μιλάως,0,αγορά χρόνου ομιλίας
3,χρειάζομαι ανανέωση,16,ανανέωση
4,τo παραστατικός σταθερού μου,14,διακανονισμός οφειλής
5,τιμή νέος tablet,4,tablet
6,ενημερωθώ σχετικά διαθέσιμος υπόλοιπος μου,1,ενημέρωση υπολοίπου
7,κάνω αποπληρωμή λογαριασμός κινητό μου,2,λογαριασμός κινητού
8,έχω κάνω αίτηση φοιτητικός πακέτο,11,φοιτητικό πακέτο
9,θέλω απενεργοποιηθεί,19,απενεργοποίηση
10,tether,8,tethering
11,ραντεβού νέος σύνδεση,5,ραντεβού
12,κάνω παράπονο,6,παράπονο
13,θέλω εξοφλήσω τηλέφωνό μου,2,λογαριασμός κινητού
14,εξοφλώ κινητό μου,2,λογαριασμός κινητού
15,λογαριασμός τηλεόραση,13,βιντεοκλήση
16,θέλω βάλω πιο εύκολος κωδικός hotspot μου,17,hotspot
17,αγορά tablet,4,tablet
18,πώς μπορώ καταθέσω αίτηση,7,αίτηση
19,λογαριασμός ο τηλεόραση μου,13,βιντεοκλήση
20,αναλυτικός λογαριασμός,3,ανάλυση λογαριασμού
21,πού μπορώ βρω πληροφορία χρέος μου,10,χρέος
22,πόσος χρήμα χρωστάω συνολικά,10,χρέος
23,χρωστάω,10,χρέος
24,έχω κάνω διακανονισμός,14,διακανονισμός οφειλής
25,μπορώ πληροφορηθώ πώς μπορώ γίνομαι αίτηση,7,αίτηση
26,κάνω απενεργοποίηση,19,απενεργοποίηση
27,θέλω πραγματοποιήσω ανανέωση,16,ανανέωση
28,πρέπει μιλώ πωλήσεις,12,τμήμα πωλήσεων
29,θέλω δω πλήρης ανάλυση κλήσεων,15,ανάλυση κλήσεων
30,έχω ένας ραντεβού θέλω αλλάξω ώρα,5,ραντεβού
31,τηλέφωνό μου έχω καταχωρηθεί ως απόρρητο,2,λογαριασμός κινητού
32,θέλω κάνω διακανονισμός,14,διακανονισμός οφειλής
33,θέλω υπηρεσία σταθερός μου,18,υπηρεσία
34,θέλω ενεργοποιήσω πρόγραμμα δεδομένο,9,πρόγραμμα
35,βρήκα ένας κλήση από αυτός τηλέφωνος,2,λογαριασμός κινητού
36,κάνω απόρρητος τηλέφωνος,2,λογαριασμός κινητού
37,έχω καλέσει ένας προγραμματισμένο ραντεβού,5,ραντεβού
38,ζητώ εγώ ενεργοποιήσω,14,διακανονισμός οφειλής
39,ενημερώστε ανάλυση κλήσεων,9,πρόγραμμα
40,μου προσφέρω φοιτητικός πακέτο,11,φοιτητικό πακέτο
41,πώς μπορώ μάθω συνολικός χρέος μου,10,χρέος
42,θέλω κάνω αποπληρωμή λογαριασμός,3,ανάλυση λογαριασμού
43,θέλω αποπληρώσως οφειλή μου,10,χρέος
44,από πού μπορώ μάθω χρωστάω,10,χρέος
45,θέλω επιδότηση,10,χρέος
46,επιθυμώ δω πλήρης ανάλυση κλήσεων,15,ανάλυση κλήσεων
47,επιθυμώ καταχωρήσω αίτηση,7,αίτηση
48,πού μπορώ αγοράζω κάποιος πρόγραμμα μηνυμάτων,9,πρόγραμμα
49,αναφορικά λογαριασμός μου,3,ανάλυση λογαριασμού
50,θέλω βάλω χρόνος ομιλία κινητό,0,αγορά χρόνου ομιλίας
51,ένας ανανέωση,16,ανανέωση
52,διακανονισμός ποσό χρωστάω,10,χρέος
53,ερώτηση υπόλοιπος,1,ενημέρωση υπολοίπου
54,έχω ανάγκη από βοήθεια,18,υπηρεσία
55,μάθω έχω σχετικά απόκρυψη,1,ενημέρωση υπολοίπου
56,ενημερωθώ υπόλοιπος μου,1,ενημέρωση υπολοίπου
57,έχω επικοινωνώ ένας ραντεβού,5,ραντεβού
58,μάθω βιντεοκλήση,13,βιντεοκλήση
59,ενδιέφερε αναλυτικός λογαριασμός,3,ανάλυση λογαριασμού
60,αναλυτικός κατάσταση λογαριασμός,3,ανάλυση λογαριασμού
61,χρειάζομαι ενημέρωση,1,ενημέρωση υπολοίπου
62,θέλω μιλήσω πωλήσεις,12,τμήμα πωλήσεων
63,θέλω αγοράζω χρόνος ομιλία προς όλος,0,αγορά χρόνου ομιλίας
64,θέλω κάνω αίτηση,7,αίτηση
65,δηλώνω κινητό μου ως απόρρητος,2,λογαριασμός κινητού
66,αλλαγή ραντεβού σύνδεση νέος γραμμή,5,ραντεβού
67,επιθυμώ καταχωρήσω αίτημα,7,αίτηση
68,θέλω μάθω αποπληρωμή λογαριασμός,3,ανάλυση λογαριασμού
69,κάτι έκανο hotspot τώρα δουλεύω,17,hotspot
70,κάνω δήλωση κινητός μου ως απόρρητος,2,λογαριασμός κινητού
71,θέλω δω πλήρης ανάλυση τηλεφώνου μου,15,ανάλυση κλήσεων
72,ενδιαφέρομαι αγοράζω χρόνος ομιλία,0,αγορά χρόνου ομιλίας
73,πάσο μου έχω λήσσω μπορώ βάλω φοιτητικός,11,φοιτητικό πακέτο
74,hotspot,17,hotspot
75,μπορούζω παρακαλώ συνδέσετε τμήμα πωλήσεων,12,τμήμα πωλήσεων
76,ενδιαφέρομαι εγώ ενεργοποιήσω,14,διακανονισμός οφειλής
77,επιθυμώ υποβάλω αίτημα,7,αίτηση
78,υπάρχω δυνατότητα έχω αναλυτικός λογαριασμός,3,ανάλυση λογαριασμού
79,βοήθεια,18,υπηρεσία
80,θέλω γίνομαι αποπληρωμή λογαριασμός σταθερού μου,3,ανάλυση λογαριασμού
81,ανανέωση,16,ανανέωση
82,πόσα μου χρωστάω τέλος πάντων,10,χρέος
83,πώς μπορώ κάνω αίτηση,7,αίτηση
84,θέλω βλέπω αναλυτικός λίστα κλήσεων,15,ανάλυση κλήσεων
85,θέλω δω πλήρης ανάλυση τηλεφώνου μου,15,ανάλυση κλήσεων
86,θέλω αγοράζω χρόνος ομιλία προς σταθερός,0,αγορά χρόνου ομιλίας
87,θέλω κάνω κινητό μου hotspot,17,hotspot
88,απενεργοποιήσω,19,απενεργοποίηση
89,θέλω απενεργοποίηση,19,απενεργοποίηση
90,θέλω βοήθεια λογαριασμός μου,3,ανάλυση λογαριασμού
91,έχω κάνω διακανονισμός ακόμα εγώ δείχνω ότι χρωστάω,10,χρέος
92,λογαριασμός μου,3,ανάλυση λογαριασμού
93,μπορώ καλέσουν από τμήμα πωλήσεων ανανέωση,12,τμήμα πωλήσεων
94,είμαι πλεονέκτημα έχω βάλω φοιτητικός πακέτο,11,φοιτητικό πακέτο
95,κάνω αποπληρωμή ο οφειλή κινητού μου,2,λογαριασμός κινητού
96,φοιτητικός πακέτο,11,φοιτητικό πακέτο
97,παράπονο,6,παράπονο
98,θέλω αγοράζω λεπτό ομιλία προς όλος,0,αγορά χρόνου ομιλίας
99,πού είμαι αυτός ανάλυση λογαριασμός μου,3,ανάλυση λογαριασμού
100,θέλω γίνομαι εξόφληση ο οφειλή σταθερού μου,14,διακανονισμός οφειλής
101,μου πείτε έχω επιδότηση,10,χρέος
102,θέλω δω πότε πρέπει πληρώνω δόση διακανονισμός μου,10,χρέος
103,έχω ένας ραντεβού σήμερα,5,ραντεβού
104,επιθυμώ βάλω χρόνος ομιλία κάρτα,0,αγορά χρόνου ομιλίας
105,κάνω ανανέωση θέλω,16,ανανέωση
106,θέλω κάνω διακανονισμός λογαριασμός έχω λήξει,3,ανάλυση λογαριασμού
107,μου κάνω απενεργοποίηση,19,απενεργοποίηση
108,πώς μπορώ κάνω διακανονισμός ο γραμμή μου,18,υπηρεσία
109,αγορά πρόγραμμα μηνύματα,9,πρόγραμμα
110,θέλω πληροφορήσετε πώς μπορώ γίνομαι αίτηση,7,αίτηση
111,μόλις έβγαλα πάσο πρέπει κάνω έχω φοιτητικός πακέτο,11,φοιτητικό πακέτο
112,ένας πληροφορία θέλω,1,ενημέρωση υπολοίπου
113,θέλω εξοφλήσω λογαριασμός μου,3,ανάλυση λογαριασμού
114,πώς ενεργοποιήσω hotspot κινητό μου,17,hotspot
115,θέλω κάνω διακανονισμός τηλέφωνό μου,2,λογαριασμός κινητού
116,πώς μπορώ εντοπίζω οφειλός μου,10,χρέος
117,ενδιαφέρομαι απενεργοποίηση,19,απενεργοποίηση
118,θέλω εξοφλήσω σταθερός μου,14,διακανονισμός οφειλής
119,βρήκα αναπάντητος κινητό μου από εσάς,2,λογαριασμός κινητού
120,πόσο χρωστάω συνολικά,10,χρέος
121,πόση επιδότηση έχω,10,χρέος
122,πόσος χρωστάω τελικά,10,χρέος
123,θέλω κάνω κινητό μου tethering,2,λογαριασμός κινητού
124,θέλω κάνω εξόφληση λογαριασμός τηλέφωνος μου,2,λογαριασμός κινητού
125,θέλω γίνομαι εξόφληση παραστατικός κινητός μου,2,λογαριασμός κινητού
126,θέλω κάνω εξόφληση ο οφειλή ο τηλεόραση,13,βιντεοκλήση
127,είμαι ποσό οφειλών μου,10,χρέος
128,λογαριασμός έχω εσάς,3,ανάλυση λογαριασμού
129,διακανονισμός οικονομικός εκκρεμότητα,14,διακανονισμός οφειλής
130,είμαι ποσό χρεών μου,10,χρέος
131,ποιος είμαι οφειλός μου,10,χρέος
132,γιατί δουλεύω hotspot,17,hotspot
133,πού υπάρχω αναλυτικά κλήσεις μου,2,λογαριασμός κινητού
134,θέλω δω ανάλυση κλήσεων,15,ανάλυση κλήσεων
135,αποπληρώσως οφειλή μου,10,χρέος
136,εξοφλήσω οφειλή μου,10,χρέος
137,λογαριασμός τηλεφώνου,2,λογαριασμός κινητού
138,πώς ανοίγει tethering,8,tethering
139,πώς κάνω tethering,8,tethering
140,εκφράζω παράπονά μου,6,παράπονο
141,θέλω κάνω αίτηση,7,αίτηση
142,εξετάζω ο δυνατότητα αγοράζω ένας νέος tablet,4,tablet
143,ρωτώ κάτι,14,διακανονισμός οφειλής
144,ενδιαφέρω υπηρεσία αναλυτικός λογαριασμός,3,ανάλυση λογαριασμού
145,λογαριασμός,3,ανάλυση λογαριασμού
146,κάνω εξόφληση ο οφειλή σταθερού μου,14,διακανονισμός οφειλής
147,πώς μπορώ βάλω φοιτητικός,11,φοιτητικό πακέτο
148,πού είμαι ανάλυση λογαριασμός μου,3,ανάλυση λογαριασμού
149,θέλω αγοράζω έξτρο λεπτό ομιλία,0,αγορά χρόνου ομιλίας
150,αγοράζω πρόγραμμα mb,9,πρόγραμμα
151,μπορώ συνδέσω παρακαλώ πωλήσεις,12,τμήμα πωλήσεων
152,πόση οφειλή έχω,10,χρέος
153,θέλω μάθω υπόλοιπος,1,ενημέρωση υπολοίπου
154,θέλω αλλάξω ένας ραντεβού,5,ραντεβού
155,επιθυμώ ενεργοποιήσω κάποιος πρόγραμμα mb,9,πρόγραμμα
156,αίτημα ραντεβού,5,ραντεβού
157,επιθυμώ ανανέωση,16,ανανέωση
158,επιθυμώ ενεργοποιήσω,14,διακανονισμός οφειλής
159,θέλω αποκτήσω επιπλέον χρόνος μιλάως ο δικός μου,0,αγορά χρόνου ομιλίας
160,θέλω ρωτώ ένας διακανονισμός έχω κάνω,14,διακανονισμός οφειλής
161,θέλω καταχωρήσω αίτημα,7,αίτηση
162,αλλαγή ραντεβού,5,ραντεβού
163,ενεργοποίηση πρόγραμμα δεδομένας,9,πρόγραμμα
164,γίνομαι απόρρητος σταθερό μου,14,διακανονισμός οφειλής
165,σχετικά λογαριασμός μου,3,ανάλυση λογαριασμού
166,ανανέωση λεπτών ομιλία γιατί εγώ τελείωσαν,0,αγορά χρόνου ομιλίας
167,θέλω εγώ βάλετε λεπτό μιλάω,0,αγορά χρόνου ομιλίας
168,θέλω βάλω χρόνος ομιλία,0,αγορά χρόνου ομιλίας
169,θέλω γίνομαι εξόφληση λογαριασμός κινητό μου,2,λογαριασμός κινητού
170,ενεργοποιήσω,14,διακανονισμός οφειλής
171,χρόνος ομιλία,0,αγορά χρόνου ομιλίας
172,πώς μπορώ ανοίξω αναλυτικός μου λογαριασμός,3,ανάλυση λογαριασμού
173,πρέπει συνδεθώ τμήμα πωλήσεων,12,τμήμα πωλήσεων
174,μου εμφανίζω φοιτητικός πακέτα,11,φοιτητικό πακέτο
175,επιθυμώ αγοράζω λεπτό ομιλία,0,αγορά χρόνου ομιλίας
176,ποιος είμαι διαθέσιμος υπηρεσία,18,υπηρεσία
177,επιθυμώ υπηρεσία ο βιντεοκλήση,13,βιντεοκλήση
178,πώς μπορώ δω ανάλυση ολόκληρος ο κίνηση έκανα,15,ανάλυση κλήσεων
179,θέλω κάνω διακανονισμός λογαριασμός είμαι ληξιπρόθεσμος,3,ανάλυση λογαριασμού
180,έχω κανονίσει ραντεβού νέος σύνδεση,5,ραντεβού
181,μου εμφανίζεται αυτός επιλογή διακανονισμός,14,διακανονισμός οφειλής
182,πρέπει μιλώ τμήμα πωλήσεων,12,τμήμα πωλήσεων
183,θέλω κάνω αποπληρωμή ο οφειλή,14,διακανονισμός οφειλής
184,θέλω παραπονεθώ,6,παράπονο
185,θέλω μάθω οφειλή μου,14,διακανονισμός οφειλής
186,θέλω προσθέσω χρόνος ομιλία κινητό,0,αγορά χρόνου ομιλίας
187,χρειάζομαι πλήρης ανάλυση κλήσεων,15,ανάλυση κλήσεων
188,θέλω ενημέρωση απόκρυψη κλήσεων,15,ανάλυση κλήσεων
189,πληροφορηθώ υπόλοιπος μου,1,ενημέρωση υπολοίπου
190,πώς κάνω hotspot ο συσκευή μου,17,hotspot
191,ανάλυση κλήσεων υπάρχω όλος αριθμός τηλεφώνησα,15,ανάλυση κλήσεων
192,θέλω αγοράζω έξτρο χρόνος ομιλία,0,αγορά χρόνου ομιλίας
193,ανάλυση εξερχομένων,14,διακανονισμός οφειλής
194,θέλω δω αναλυτικός κίνηση σταθερού μου,14,διακανονισμός οφειλής
195,κάτι πάει καλά tethering,8,tethering
196,κάνω πληρωμή ο οφειλή,10,χρέος
197,πού μπορώ δω υπηρεσία,18,υπηρεσία
198,τo παραστατικός συμβολαίου μου,14,διακανονισμός οφειλής
199,από πού κλείνω hotspot,17,hotspot
200,σταθερός τηλέφωνος απόρρητο,2,λογαριασμός κινητού
201,θέλω μάθω ο χρέωση,10,χρέος
202,θέλω δω πλήρης ανάλυση κλήσεων,15,ανάλυση κλήσεων
203,λεπτό ομιλία,0,αγορά χρόνου ομιλίας
204,επιθυμώ μάθω χρωστάω,14,διακανονισμός οφειλής
205,θέλω δω μερικός ανάλυση κλήσεων,15,ανάλυση κλήσεων
206,επιθυμώ αγοράζω κάποιος πρόγραμμα mb,9,πρόγραμμα
207,θέλω πληροφορήσετε πώς μπορώ γίνομαι αίτηση,7,αίτηση
208,θέλω κάνω εξόφληση ο οφειλή,14,διακανονισμός οφειλής
209,από πού ενημερώνομαι υπόλοιπος,1,ενημέρωση υπολοίπου
210,θέλω υπηρεσία αριθμός μου,18,υπηρεσία
211,πού βλέπω επιδότηση μου,10,χρέος
212,θέλω εγώ βάλετε χρόνος ομιλία,0,αγορά χρόνου ομιλίας
213,θέλω αγοράζω χρόνος ομιλία κινητό μου,0,αγορά χρόνου ομιλίας
214,θέλω υπηρεσία κινητό μου,2,λογαριασμός κινητού
215,θέλω κάνω διακανονισμός λογαριασμός μου,3,ανάλυση λογαριασμού
216,πώς κάνω κινητό μου hotspot,17,hotspot
217,έχω μένω ένας υπόλοιπος οποίος θέλω διακανονίσω,1,ενημέρωση υπολοίπου
218,ξέρω από πού ανοίγω hotspot,17,hotspot
219,πώς μπορώ κάνω διακανονισμός οικονομικός εκκρεμότητα,3,ανάλυση λογαριασμού
220,επιθυμώ αγοράζω χρόνος ομιλία,0,αγορά χρόνου ομιλίας
221,χρειάζομαι βοήθεια tethering,8,tethering
222,αλλάξω ραντεβού νέος σύνδεση,5,ραντεβού
223,επικοινωνία τμήμα πωλήσεων,12,τμήμα πωλήσεων
224,ραντεβού εγκατάσταση,5,ραντεβού
225,ενδιαφέρομαι απενεργοποιώ,19,απενεργοποίηση
226,θέλω κάνω αποπληρωμή ο οφειλή τηλεφώνου μου,2,λογαριασμός κινητού
227,θέλω συμπληρώσω φόρμα παραπόνων,14,διακανονισμός οφειλής
228,αγοράζω tablet,4,tablet
229,μπορώ προχωρήσω διακανονισμός κινητός μου,2,λογαριασμός κινητού
230,τιμοκατάλογος tablet,4,tablet
231,tethering δουλεύω σωστά,8,tethering
232,θέλω αγοράζω λεπτό ομιλία,0,αγορά χρόνου ομιλίας
233,ανάλυση κλήσεων κρυμμένος νούμερα,9,πρόγραμμα
234,παρακαλώ βοηθήστε,18,υπηρεσία
235,ενδιαφέρομαι ενεργοποιήσω,14,διακανονισμός οφειλής
236,πόσος χρήμα οφείλω συνολικά,10,χρέος
237,ενημερωθώ ένας ραντεβού,5,ραντεβού
238,μου επιτρέπω μπω εξοφλώ λογαριασμός μου,3,ανάλυση λογαριασμού
239,όνομα έχω δικός μου tethering βρίσκω,14,διακανονισμός οφειλής
240,θέλω ενεργοποιήσω πρόγραμμα μηνυμάτων,9,πρόγραμμα
241,τo παραστατικός ο τηλεόραση μου,13,βιντεοκλήση
242,θέλω δω μερικός ανάλυση κλήσεων,15,ανάλυση κλήσεων
243,γίνομαι απενεργοποίηση,19,απενεργοποίηση
244,ενημέρωση επιδότηση,10,χρέος
245,θέλω διευκρινήσεις σχετικά διακανονισμός,1,ενημέρωση υπολοίπου
246,πώς μπορώ υποβάλω αίτημα,7,αίτηση
247,υπάρχω τρόπος βλέπω αναλυτικά κλήσεις γίνομαι από κινητα μου,15,ανάλυση κλήσεων
248,πουλάτε tablet,4,tablet
249,απενεργοποίηση,19,απενεργοποίηση
250,θέλω συνδεθώ τμήμα λογαριασμός,3,ανάλυση λογαριασμού
251,θέλω κάνω διακανονισμός τηλεόραση γιατί μπορώ πληρώσω λογαριασμός,13,βιντεοκλήση
252,πληροφορία αναλυτικός λογαριασμός,3,ανάλυση λογαριασμού
253,ένας ερώτηση κάνω,14,διακανονισμός οφειλής
254,κινητό τηλέφωνος απόρρητο,2,λογαριασμός κινητού
255,επιθυμώ δω ο μερικός ανάλυση κλήσεων,15,ανάλυση κλήσεων
256,επιθυμώ νέος tablet,4,tablet
257,επιθυμώ ενημερωθώ ποσό χρωστάω,10,χρέος
258,θέλω βάλω λεπτό ομιλία,0,αγορά χρόνου ομιλίας
259,θέλω εγώ βάλετε λεπτό ομιλία,0,αγορά χρόνου ομιλίας
260,θέλω δω αναλυτικά κίνηση μου,14,διακανονισμός οφειλής
261,πώς μπορώ ενεργοποιήσω πρόγραμμα mb,9,πρόγραμμα
262,αγορά πρόγραμμα χρόνος ομιλία,0,αγορά χρόνου ομιλίας
263,θέλω καταθέσω αίτηση,7,αίτηση
264,πείτε μου σχετικός βιντεοκλήσεις,13,βιντεοκλήση
265,υπηρεσία απόκρυψη κλήσεων,15,ανάλυση κλήσεων
266,θέλω κάνω εξόφληση παραστατικός,14,διακανονισμός οφειλής
267,κάνω εξόφληση λογαριασμός κινητό μου,2,λογαριασμός κινητού
268,θέλω προγραμματίσω εκ νέος ένας ραντεβού,5,ραντεβού
269,λογαριασμός κινητός τηλεφωνία,2,λογαριασμός κινητού
270,πείτε μου αναλυτικός λογαριασμός,3,ανάλυση λογαριασμού
271,θέλω μάθω αναλυτικός κίνηση τηλεφώνου μου,2,λογαριασμός κινητού
272,θέλω αποπληρώσως κινητό μου,2,λογαριασμός κινητού
273,επικοινωνήσω τμήμα πωλήσεων,12,τμήμα πωλήσεων
274,θέλω ένας πλήρης ανάλυση κλήσεις,15,ανάλυση κλήσεων
275,υπάρχω κάποιος πωλητής συνομιλήσω,12,τμήμα πωλήσεων
276,θέλω λαμβάνω πληροφορία σχετικά ανάλυση κλήσεων κινητό μου,15,ανάλυση κλήσεων
277,θέλω κάνω πληρωμή ο οφειλή,10,χρέος
278,θέλω διατυπώσω ένας παράπονο,6,παράπονο
279,θέλω κάνω εξόφληση ο οφειλή τηλεφώνου μου,2,λογαριασμός κινητού
280,πώς κάνω κινητό μου λειτουργώ ως hotspot,17,hotspot
281,καταχωρήστε μου ένας αίτημα,7,αίτηση
282,θέλω βιντεοκλήση κινητό,13,βιντεοκλήση
283,έχω κλείνω λογαριασμός σταθερού τηλεφώνου αλλά έχω απλήρωτος τελευταίος δίμηνος,2,λογαριασμός κινητού
284,χρωστάω κινητό μου,2,λογαριασμός κινητού
285,πώς μπορώ βλέπω αναλυτικός λογαριασμός,3,ανάλυση λογαριασμού
286,θέλω κάνω διακανονισμός όλο ποσό,14,διακανονισμός οφειλής
287,έχω ανάγκη από ενημέρωση,1,ενημέρωση υπολοίπου
288,χρειάζω πληροφορία,1,ενημέρωση υπολοίπου
289,υπηρεσία,18,υπηρεσία
290,δηλώσω απόρρητος σταθερό μου,14,διακανονισμός οφειλής
291,είχα ένας κλήση κινητό μου από εσάς μου κάλεσα,2,λογαριασμός κινητού
292,βρίσκω χρωστάω,10,χρέος
293,πρέπει γνωρίζω απόκρυψη κλήσεων,15,ανάλυση κλήσεων
294,θέλω εγώ ενεργοποιήσω,14,διακανονισμός οφειλής
295,ενημερωθώ υπόλοιπά μου,1,ενημέρωση υπολοίπου
296,είμαι ποσό οφείλω,10,χρέος
297,ενεργοποιηθεί,14,διακανονισμός οφειλής
298,hotspot δουλεύω σωστά,17,hotspot
299,εξοφλήσω λογαριασμός μου,3,ανάλυση λογαριασμού
300,θέλω διακανονίζω οφειλή μου,14,διακανονισμός οφειλής
301,επιθυμώ ενεργοποίηση,14,διακανονισμός οφειλής
302,ενεργοποίηση tethering,8,tethering
303,αποπληρώσως σταθερός μου,14,διακανονισμός οφειλής
304,θέλω αγοράζω λεπτό ομιλία προς κινητάς,0,αγορά χρόνου ομιλίας
305,μπορώ προχωρήσω διακανονισμός τηλεφώνου μου,2,λογαριασμός κινητού
306,γιατί δουλεύω tethering,8,tethering
307,ενημερωθώ σχετικά υπόλοιπος μου,1,ενημέρωση υπολοίπου
308,ποιον τρόπος μπορώ πραγματοποιήσω αίτηση,7,αίτηση
309,κάνω εξόφληση ο οφειλή,14,διακανονισμός οφειλής
310,μάθω ενεργοποίηση,14,διακανονισμός οφειλής
311,πώς μπορώ ενημερωθώ οφειλή μου,10,χρέος
312,θέλω προχωρήσω διακανονισμός,14,διακανονισμός οφειλής
313,διακανονισμός παλιάς οφειλή,14,διακανονισμός οφειλής
314,χρειάζομαι βοήθεια,18,υπηρεσία
315,μπορούσας έχω πρόσβαση ανάλυση λογαριασμός κινητός,2,λογαριασμός κινητού
316,θέλω υπηρεσία ο γραμμή μου,18,υπηρεσία
317,κάτι έκανα tethering τώρα δουλεύω,8,tethering
318,επιθυμώ προσθέσω λεπτά ομιλία,0,αγορά χρόνου ομιλίας
319,συνδέετε τμήμα πωλήσεων,12,τμήμα πωλήσεων
320,απόρρητος τηλέφωνος,2,λογαριασμός κινητού
321,θέλω εγώ δείξω αναλυτικός κίνηση τηλεφώνου μου,2,λογαριασμός κινητού
322,θέλω επικοινωνήσω τμήμα διακανονισμός λογαριασμός,3,ανάλυση λογαριασμού
323,θέλω ενημερωθώ αναλυτικός λογαριασμός σταθερός,3,ανάλυση λογαριασμού
324,θέλω υποβάλω αίτηση,7,αίτηση
325,θέλω μάθω χρέος μου,10,χρέος
326,είμαι συνολικός ποσό οφειλών μου,10,χρέος
327,θέλω κάνω διακανονισμός λογαριασμός μου,3,ανάλυση λογαριασμού
328,είμαι αυτός ανάλυση λογαριασμός μου,3,ανάλυση λογαριασμού
329,συνδέστε τμήμα πωλήσεων,12,τμήμα πωλήσεων
330,πώς μπορώ μάθω πληροφορία υπηρεσία,18,υπηρεσία
331,χρειάζομαι ο βοήθειά μου,18,υπηρεσία
332,υποβολή παραπόνου,14,διακανονισμός οφειλής
333,επιθυμώ πληροφορήσετε πώς μπορώ γίνομαι αίτηση,7,αίτηση
334,καλημέρα καλώ σχετικά ένας ραντεβού,5,ραντεβού
335,πόσος χρήμα οφείλω,10,χρέος
336,θέλω προσθέσω χρόνος ομιλία,0,αγορά χρόνου ομιλίας
337,αποπληρώσως λογαριασμός μου,3,ανάλυση λογαριασμού
338,θέλω βοήθεια,18,υπηρεσία
339,έχω βιντεοκλήση,13,βιντεοκλήση
340,επιθυμώ ανακαλύψω χρέος μου,10,χρέος
341,ακύρωση ραντεβού,5,ραντεβού
342,θέλω διακανονισμός,14,διακανονισμός οφειλής
343,κάνω ενεργοποίηση,14,διακανονισμός οφειλής
344,θέλω μου δώσετε κάποιος πληροφορία,1,ενημέρωση υπολοίπου
345,κλήσεις απόκρυψη,15,ανάλυση κλήσεων
346,νέο tablet,4,tablet
347,θέλω μου πείτε πότε πρέπει πληρώνω δόση διακανονισμός μου,10,χρέος
348,ενεργοποίηση ο βιντεοκλήση,13,βιντεοκλήση
349,θέλω ανανέωση,16,ανανέωση
350,καταγραφή παραπόνου,14,διακανονισμός οφειλής
351,αποπληρώσω τηλέφωνό μου,2,λογαριασμός κινητού
352,πώς μπορώ δω ανάλυση όλος κλήσεων μηνυμάτο,15,ανάλυση κλήσεων
353,πού βλέπω υπόλοιπος,1,ενημέρωση υπολοίπου
354,θέλω ακυρώσω ραντεβού έχω,5,ραντεβού
355,λογαριασμός κινητός,2,λογαριασμός κινητού
356,ενεργοποίηση πρόγραμμα μηνύματα,9,πρόγραμμα
357,θέλω ενημερωθώς απόκρυψη,1,ενημέρωση υπολοίπου
358,ποιον τρόπος κάνω αίτηση,7,αίτηση
359,λογαριασμός σταθερής internet,3,ανάλυση λογαριασμού
360,ποιον τρόπος μπορώ καταχωρήσω αίτημα,7,αίτηση
361,χρόνος ομιλία,0,αγορά χρόνου ομιλίας
362,είμαι χρέος μου,10,χρέος
363,ανάλυση κλήσεων,9,πρόγραμμα
364,πού μπω κάνω αίτημα διακανονισμός κινητός,2,λογαριασμός κινητού
365,ψάχνω βρως χρωστάω,10,χρέος
366,ενεργοποίηση πρόγραμμα χρόνος ομιλία,0,αγορά χρόνου ομιλίας
367,ενδιαφέρομαι ο λεπτομερής ανάλυση λογαριασμός,3,ανάλυση λογαριασμού
368,πόσος χρήμα οφείλω τελικά,10,χρέος
369,θέλω γίνομαι αποπληρωμή λογαριασμός τηλεφώνος μου,2,λογαριασμός κινητού
370,θέλω κάνω αποπληρωμή ο οφειλή σταθερού μου,14,διακανονισμός οφειλής
371,θέλω μάθω είμαι σύνολο οφειλώνς μου,10,χρέος
372,μου δείχνω αυτός επιλογή διακανονισμός,14,διακανονισμός οφειλής
373,θέλω κάνω ένας παράπονο,6,παράπονο
374,αλλαγή ραντεβού ενεργοποίηση,5,ραντεβού
375,χρειάζομαι βοήθεια hotspot,17,hotspot
376,λογαριασμός σταθερού,3,ανάλυση λογαριασμού
377,έχω επιλογή διακανονισμός,14,διακανονισμός οφειλής
378,θέλω υπηρεσία ο σύνδεση μου,18,υπηρεσία
379,ανάλυση κλήσεων λογαριασμός μου,3,ανάλυση λογαριασμού
380,θέλω χρόνος ομιλία,0,αγορά χρόνου ομιλίας
381,θέλω κάνω εξόφληση λογαριασμός κινητό μου,2,λογαριασμός κινητού
382,πώς μπορώ κάνω αίτημα,7,αίτηση
383,ανάλυση λογαριασμός,3,ανάλυση λογαριασμού
384,ζητώ απενεργοποιώ,19,απενεργοποίηση
385,κάνω πληρωμή λογαριασμός κινητό μου,2,λογαριασμός κινητού
386,χρειάζομαι ενημερωθώ σχετικά τρόπος υποβολή αίτηση,7,αίτηση
387,ρωτώ ενεργοποίηση,14,διακανονισμός οφειλής
388,μπορώ προχωρήσω διακανονισμός ο σύνδεση μου,14,διακανονισμός οφειλής
389,τo παραστατικός ο σύνδεση μου,14,διακανονισμός οφειλής
390,μάθω αναλυτικός λογαριασμός,3,ανάλυση λογαριασμού
391,θέλω γίνομαι αποπληρωμή ο οφειλή σταθερού μου,14,διακανονισμός οφειλής
392,έχω ανάγκη από πληροφορία,1,ενημέρωση υπολοίπου
393,επιθυμώ αγοράζω κάποιος πρόγραμμα μηνυμάτων,9,πρόγραμμα
394,αλλάξω ώρα ραντεβού μου,5,ραντεβού
395,βοήθεια λογαριασμός,3,ανάλυση λογαριασμού
396,πληροφορήσετε,14,διακανονισμός οφειλής
397,πώς μπορώ βλέπω ανάλυση όλη ο κίνηση έχω κάνω,15,ανάλυση κλήσεων
398,καταχωρήστε μου ένας αίτηση,7,αίτηση
399,κάνω εξόφληση παραστατικός σταθερού μου,14,διακανονισμός οφειλής
400,ιδιωτικός απόρρητο τηλεφώνου,2,λογαριασμός κινητού
401,θέλω αγοράζω πρόγραμμα ομιλία,0,αγορά χρόνου ομιλίας
402,θέλω κάνω εξόφληση λογαριασμός σταθερός μου,3,ανάλυση λογαριασμού
403,απενεργοποιηθεί,19,απενεργοποίηση
404,επιθυμώ βοήθεια,18,υπηρεσία
405,επιθυμώ πληροφορία,1,ενημέρωση υπολοίπου
406,χρειάζομαι πληρώσω λογαριασμός μου παίρνω ποσό πρέπει,3,ανάλυση λογαριασμού
407,διακανονισμός,14,διακανονισμός οφειλής
408,ανάλυση εξερχόμενων μηνυμάτων,9,πρόγραμμα
409,απενεργοποιώ,19,απενεργοποίηση
410,χρειάζομαι υπηρεσία,18,υπηρεσία
411,μάθω απενεργοποίηση,19,απενεργοποίηση
412,θέλω αποπληρώσως λογαριασμός μου,3,ανάλυση λογαριασμού
413,πώς μπορώ υποβάλω αίτηση,7,αίτηση
414,κάνω αποπληρωμή λογαριασμός τηλέφωνό μου,2,λογαριασμός κινητού
415,είμαι σύνολο οφειλώνς μου,10,χρέος
416,επιθυμώ καταθέσω αίτηση,7,αίτηση
417,θέλω μου απενεργοποιήσω,19,απενεργοποίηση
418,πώς μπορώ μιλώ κάποιος από πωλήσεις,12,τμήμα πωλήσεων
419,είμαι ποσό χρωστάω,10,χρέος
420,θέλω ενημερωθώ υπόλοιπος έχω από διακανονισμός,1,ενημέρωση υπολοίπου
421,θέλω δωρεάν χρόνος ομιλία,0,αγορά χρόνου ομιλίας
422,ενεργοποιήσετε,14,διακανονισμός οφειλής
423,θέλω πλήρης ανάλυση κλήσεων,15,ανάλυση κλήσεων
424,γίνομαι απόρρητος κινητό μου,2,λογαριασμός κινητού
425,θέλω κάνω εξόφληση ο οφειλή κινητού μου,2,λογαριασμός κινητού
426,θέλω αποπληρώσω τηλέφωνό μου,2,λογαριασμός κινητού
427,θέλω δω αναλυτικός κίνηση κινητός μου,2,λογαριασμός κινητού
428,πώς καλώ βιντεοκλήση,13,βιντεοκλήση
429,πώς μπορώ δω ανάλυση όλος κλήσεων μηνυμάτο,15,ανάλυση κλήσεων
430,κάνω αποπληρωμή ο οφειλή,14,διακανονισμός οφειλής
431,πότε λήγω φοιτητικός πακέτο,11,φοιτητικό πακέτο
432,ρωτώ απενεργοποίηση,19,απενεργοποίηση
433,δηλώσω απόρρητο κινητό μου,2,λογαριασμός κινητού
434,πόση έχω πια οφειλή μου,10,χρέος
435,θέλω κάνω αίτημα,7,αίτηση
436,έχω κάνω αίτηση ραντεβού,5,ραντεβού
437,θέλω γίνομαι εξόφληση ο οφειλή τηλεφώνου μου,2,λογαριασμός κινητού
438,υπηρεσία απόκρυψη κλήσεων,15,ανάλυση κλήσεων
439,κάνω πληρωμή ο οφειλή κινητού μου,2,λογαριασμός κινητού
440,ποιον τρόπος μπορώ καταθέσω αίτηση,7,αίτηση
441,ενδιαφέρομαι ενεργοποίηση,14,διακανονισμός οφειλής
442,κάνω εξόφληση ο οφειλή τηλεφώνου μου,2,λογαριασμός κινητού
443,πόσος χρέος έχω συνολικά,10,χρέος
444,καλημέρα αφορώ λογαριασμός μου,3,ανάλυση λογαριασμού
445,έχω κάπου οδηγία hotspot,17,hotspot
446,θέλω κάνω αγορά πρόγραμμα μηνυμάτο,9,πρόγραμμα
447,επιθυμώ δω ανάλυση κλήσεων,15,ανάλυση κλήσεων
448,πώς εμφανίζω αναλυτικός λογαριασμός,3,ανάλυση λογαριασμού
449,θέλω αγοράζω χρόνος ομιλία,0,αγορά χρόνου ομιλίας
450,κωδικός έχω tethering,8,tethering
451,πόσο είμαι επιδότηση μου,10,χρέος
452,λογαριασμός ο σύνδεση μου,3,ανάλυση λογαριασμού
453,από πού μπορώ ενημερωθώ χρέος μου,10,χρέος
454,χρόνος μιλάως,0,αγορά χρόνου ομιλίας
455,πώς μπορώ ενημερωθώ τρόπος μπορώ γίνομαι αίτηση,7,αίτηση
456,θέλω ενημερωθώ αναλυτικός λογαριασμός κινητό,2,λογαριασμός κινητού
457,θέλω ενημερωθώ υπηρεσία,18,υπηρεσία
458,ενδιαφέρομαι εγώ απενεργοποιήσω,19,απενεργοποίηση
459,αναφορά παραπόνου,14,διακανονισμός οφειλής
460,γίνομαι απόρρητος τηλέφωνος,2,λογαριασμός κινητού
461,ενημερωθώ βιντεοκλήσεις,13,βιντεοκλήση
462,ανάλυση εισερχόμενος κλήσεων,9,πρόγραμμα
463,πόσο χρωστάω,10,χρέος
464,θέλω υποβάλω αίτηση,7,αίτηση
465,εξοφλήσω σταθερός μου,14,διακανονισμός οφειλής
466,θέλω μάθω λεπτομέρεια σχετικά διακανονισμός,1,ενημέρωση υπολοίπου
467,ενδιαφέρομαι αποκτήσω ένας νέος tablet,4,tablet
468,λογαριασμός ο σύνδεση μου,3,ανάλυση λογαριασμού
469,επιθυμώ μιλώ πωλήσεις,12,τμήμα πωλήσεων
470,ενημερωθώ παρών κατάσταση υπολοίπου μου,1,ενημέρωση υπολοίπου
471,θέλω κάνω κινητό μου απόρρητο,2,λογαριασμός κινητού
472,επιθυμώ ενημέρωση,1,ενημέρωση υπολοίπου
473,πώς μπορώ κάνω διακανονισμός κινητός,2,λογαριασμός κινητού
474,πώς μπορώ καταχωρήσω αίτημα,7,αίτηση
475,θέλω αναφέρω παράπονο,6,παράπονο
476,βρίσκω ανοίξω hotspot συσκευή μου,17,hotspot
477,πού βρως πόσα χρωστάω,10,χρέος
478,πότε γίνομαι νέος ραντεβού,5,ραντεβού
479,από πού αλλάζω κωδικός tethering,8,tethering
480,θέλω ενημερώσω αναλυτικός λογαριασμός κινητό,2,λογαριασμός κινητού
481,επιθυμών μάθω πόσος δόση απομένω ακόμα διακανονισμός,14,διακανονισμός οφειλής
482,αγορά πρόγραμμα δεδομένο,9,πρόγραμμα
483,πώς κάνω hotspot,17,hotspot
484,ενημερώστε ανάλυση κλήσεων,9,πρόγραμμα
485,ανανεώσω θέλω,14,διακανονισμός οφειλής
486,βρήκα αναπάντητος σταθερός τηλέφωνο από εσάς,2,λογαριασμός κινητού
487,ενεργοποίηση,14,διακανονισμός οφειλής
488,θέλω πληροφορία,1,ενημέρωση υπολοίπου
489,πού μπορώ βρω χρέος μου,10,χρέος
490,θέλω βρως αναλυτικός λογαριασμός σταθερού,3,ανάλυση λογαριασμού
491,θέλω μιλώ ένας ραντεβού,5,ραντεβού
492,πληροφορηθώ,14,διακανονισμός οφειλής
493,λογαριασμός κινητός,2,λογαριασμός κινητού
494,δωρεάν χρόνος ομιλία,0,αγορά χρόνου ομιλίας
495,ενημέρωση απόκρυψη κλήσεων,15,ανάλυση κλήσεων
496,από πού αλλάζω κωδικός hotspot,17,hotspot
497,λογαριασμός σταθερού μου,3,ανάλυση λογαριασμού
498,θέλω ενημερωθώ πότε πρέπει πληρώνω δόση διακανονισμός μου,10,χρέος
499,θέλω ενεργοποιήσω πρόγραμμα ομιλία,0,αγορά χρόνου ομιλίας
500,είχα ένας κλήση τηλέφωνό μου από εσάς μου κάλεσα,2,λογαριασμός κινητού
501,θέλω δω αναλυτικά κίνηση κλήσεών μου,2,λογαριασμός κινητού
502,επιθυμώ προσθέσω χρόνος ομιλία,0,αγορά χρόνου ομιλίας
503,θέλω μου βάλετε χρόνος μιλάως,0,αγορά χρόνου ομιλίας
504,υπάρχω άλλος υπηρεσία πέρα από αυτός έχω,18,υπηρεσία
505,θέλω βάλω λεπτό ομιλία κάρτα,0,αγορά χρόνου ομιλίας
506,κάνω εξόφληση λογαριασμός,3,ανάλυση λογαριασμού
507,θέλω μάθω πότε πρέπει πληρώνω δόση διακανονισμός μου,10,χρέος
508,ενημέρωση υπηρεσία,18,υπηρεσία
509,υπόλοιπος έχω,1,ενημέρωση υπολοίπου
510,λειτουργία ο βιντεοκλήση,13,βιντεοκλήση
511,θέλω ενεργοποιηθεί,14,διακανονισμός οφειλής
512,θέλω καταχωρήσω αίτηση,7,αίτηση
513,θέλω παρακαλώ κάνω διακανονισμός ληξιπρόθεσμου τρέχοντος λογαριασμός μου,3,ανάλυση λογαριασμού
514,ποιος υπηρεσία έχω ήδη,18,υπηρεσία
515,πώς κάνω tethering ο συσκευή μου,8,tethering
516,θέλω ενημερωθώ οφειλόμενά μου,10,χρέος
517,τμήμα παραπόνων θέλω,14,διακανονισμός οφειλής
518,σχετικά λογαριασμός σταθερού,3,ανάλυση λογαριασμού
519,θέλω ενημερώσω αναλυτικός λογαριασμός σταθερός,3,ανάλυση λογαριασμού
520,λογαριασμός συμβολαίου μου,3,ανάλυση λογαριασμού
521,πού μπορώ δω οφειλή μου,10,χρέος
522,είμαι τελικός ποσό χρεών μου,10,χρέος
523,κάνω αποπληρωμή λογαριασμός,3,ανάλυση λογαριασμού
524,μπορώ προχωρήσω διακανονισμός σταθερού μου,14,διακανονισμός οφειλής
525,καινούργια υπηρεσία,18,υπηρεσία
526,χρήση ο υπηρεσία ο βιντεοκλήση,13,βιντεοκλήση
527,μάθω υπόλοιπος μου,1,ενημέρωση υπολοίπου
528,λογαριασμός μου,3,ανάλυση λογαριασμού
529,ζητώ ενεργοποιήσω,14,διακανονισμός οφειλής
530,επιθυμώ απενεργοποίηση,19,απενεργοποίηση
531,μου δείξω πού είμαι αναλυτικός λογαριασμός,3,ανάλυση λογαριασμού
532,εξοφλήσω τηλέφωνό μου,2,λογαριασμός κινητού
533,θέλω εκφράζω παράπονο,6,παράπονο
534,ανάλυση κλήσεων,9,πρόγραμμα
535,πού μπορώ κάνω αίτηση φοιτητικός,11,φοιτητικό πακέτο
536,επιθυμώ γνωρίζω οφειλή μου,14,διακανονισμός οφειλής
537,χρειάζομαι ανάλυση λογαριασμός μου,3,ανάλυση λογαριασμού
538,από πού κλείνω tethering,8,tethering
539,θέλω κάνω αποπληρωμή ο οφειλή κινητού μου,2,λογαριασμός κινητού
540,μου δείξω πώς κάνω hotspot,17,hotspot
541,λογαριασμός σύνδεση,3,ανάλυση λογαριασμού
542,θέλω δω ανάλυση κλήσεων,15,ανάλυση κλήσεων
543,θέλω αγοράζω χρόνος ομιλία προς κινητάς,0,αγορά χρόνου ομιλίας
544,θέλω δω ένας μερικός ανάλυση κλήσεων μου,15,ανάλυση κλήσεων
545,τo παραστατικός καρτοσυμβολαίο μου,14,διακανονισμός οφειλής
546,θέλω γίνομαι εξόφληση λογαριασμός σταθερό μου,3,ανάλυση λογαριασμού
547,θέλω γίνομαι εξόφληση παραστατικός τηλεφώνου μου,2,λογαριασμός κινητού
548,θέλω κάνω πληρωμή ο οφειλή κινητού μου,2,λογαριασμός κινητού
549,θέλω χρόνος λέω ο φίλος μου,0,αγορά χρόνου ομιλίας
550,ποιον τρόπος καταχωρήσω αίτηση,7,αίτηση
551,πού μπορώ δω χρέος μου,10,χρέος
552,θέλω γίνομαι αποπληρωμή ο οφειλή τηλεφώνου μου,2,λογαριασμός κινητού
553,θέλω κάνω μερικοί ερωτήσεις σχετικά διακανονισμός,1,ενημέρωση υπολοίπου
554,παροχή έχω φοιτητικός,11,φοιτητικό πακέτο
555,λέγω παράπονό μου,6,παράπονο
556,τo παραστατικός κινητού μου,2,λογαριασμός κινητού
557,καλώ τροποποιήζω ένας ραντεβού,5,ραντεβού
558,θέλω βάλω χρόνος ομιλία κάρτα,0,αγορά χρόνου ομιλίας
559,διακανονισμός ληξιπρόθεσμου,14,διακανονισμός οφειλής
560,θέλω μιλήσω τμήμα διακανονισμός λογαριασμός,3,ανάλυση λογαριασμού
561,πώς μπορώ βλέπω αναλυτικά κλήσεις λογαριασμός μου,3,ανάλυση λογαριασμού
562,επιθυμώ βάλω λεπτό ομιλία κάρτα,0,αγορά χρόνου ομιλίας
563,κάνω δήλωση σταθερού μου ως απόρρητος,14,διακανονισμός οφειλής
564,υπόλοιπος,1,ενημέρωση υπολοίπου
565,θέλω γίνομαι αποπληρωμή ο οφειλή κινητού μου,2,λογαριασμός κινητού
566,θέλω ρωτήσω πώς μπορώ κάνω φοιτητικός πακέτο,11,φοιτητικό πακέτο
567,λεπτός ομιλία,0,αγορά χρόνου ομιλίας
568,λογαριασμός κινητός μου,2,λογαριασμός κινητού
569,πώς κάνω διακανονισμός οφειλή,14,διακανονισμός οφειλής
570,πού είμαι υπόλοιπος,1,ενημέρωση υπολοίπου
571,χρειάζομαι βοήθεια ένας θέμα,18,υπηρεσία
572,έχω κάπου οδηγία tethering,8,tethering
573,ενημερώστε αναλυτικός λογαριασμός,3,ανάλυση λογαριασμού
574,πόσος χρήμα χρωστάω,10,χρέος
575,ενημέρωση αναλυτικός λογαριασμός,3,ανάλυση λογαριασμού
576,επιθυμώ κάνω αίτηση,7,αίτηση
577,θέλω μάθω πόσα χρωστάω,10,χρέος
578,είχα μιλώ πάρω ένας καινούργιος φοιτητικός πακέτο,11,φοιτητικό πακέτο
579,νέος υπηρεσία,18,υπηρεσία
580,ενεργοποίηση πρόγραμμα mb,9,πρόγραμμα
581,πληροφορηθώ υπόλοιπος μου,1,ενημέρωση υπολοίπου
582,αγορά πρόγραμμα δεδομένας,9,πρόγραμμα
583,θέλω βλέπω αναλυτικός λογαριασμός,3,ανάλυση λογαριασμού
584,βοηθήστε,18,υπηρεσία
585,έχω ενημερωθεί υπόλοιπος μου,1,ενημέρωση υπολοίπου
586,θέλω γίνομαι εξόφληση λογαριασμός τηλέφωνος μου,2,λογαριασμός κινητού
587,επιλέξω ένας υπηρεσία,18,υπηρεσία
588,είχα ένας κλήση σταθερός τηλέφωνό μου από εσάς,2,λογαριασμός κινητού
589,πληροφορία απόκρυψη κλήσεων,15,ανάλυση κλήσεων
590,θέλω γίνομαι εξόφληση ο οφειλή κινητού μου,2,λογαριασμός κινητού
591,επιθυμώ λεπτό ομιλία καρτοκινητό μου,0,αγορά χρόνου ομιλίας
592,θέλω ενεργοποιήσω,14,διακανονισμός οφειλής
593,κάνω εξόφληση ο οφειλή κινητού μου,2,λογαριασμός κινητού
594,θέλω εξοφλήσω κινητό μου,2,λογαριασμός κινητού
595,θέλω νέος διακανονισμός κινητό,2,λογαριασμός κινητού
596,θέλω ενημερωθώ χρέος μου,10,χρέος
597,ποιον τρόπος μπορώ υποβάλω αίτηση,7,αίτηση
598,ολοκλήρωση ο ανανέωση,16,ανανέωση
599,αποπληρώσως κινητό μου,2,λογαριασμός κινητού
600,θέλω μάθω εξόφληση λογαριασμός,3,ανάλυση λογαριασμού
601,θέλω ένας βοήθεια,18,υπηρεσία
602,ζητώ εγώ απενεργοποιήσω,19,απενεργοποίηση
603,επιθυμώ υποβάλω αίτηση,7,αίτηση
604,κωδικός έχω hotspot,17,hotspot
605,ενδιαφέρομαι ανανέωση,16,ανανέωση
606,πώς κάνω κινητό μου tethering,8,tethering
607,είμαι σύνολο χρεών μου,10,χρέος
608,θέλω γίνομαι εξόφληση παραστατικός tv εγώ,13,βιντεοκλήση
609,θέλω ενημερωθώς τρόπος μπορώ γίνομαι αίτηση,7,αίτηση
610,θέλω κάνω σταθερός μου απόρρητο,14,διακανονισμός οφειλής
611,υπηρεσία,18,υπηρεσία
612,θέλω κάνω διακανονισμός όλο αυτός χρωστάω,10,χρέος
613,ανάλυση εισερχομένων,9,πρόγραμμα
614,θέλω ενημέρωση,1,ενημέρωση υπολοίπου
615,θέλω κάνω διακανονισμός τηλεόραση γιατί αδυνατώς πληρώσω λογαριασμός,13,βιντεοκλήση
616,ενεργοποίηση hotspot,17,hotspot
617,επιθυμώ ενημερωθώ τρόπος μπορώ γίνομαι αίτηση,7,αίτηση
618,θέλω αποκτήσω επιπλέον λεπτό ομιλία μιλάως φίλος,0,αγορά χρόνου ομιλίας
619,οδηγία hotspot παρακαλώ,17,hotspot
620,μάθω πληροφορία,1,ενημέρωση υπολοίπου
621,αγορά πρόγραμμα μηνυμάτο,9,πρόγραμμα
622,θέλω συνδεθώ τμήμα πωλήσεων,12,τμήμα πωλήσεων
623,πώς ενεργοποιήσω tethering μέσω κινητού μου,8,tethering
624,γίνομαι ενεργοποίηση,14,διακανονισμός οφειλής
625,θέλω διακανονίζω ποσό μου χρωστάω,10,χρέος
626,επιθυμώ απενεργοποιήσως,19,απενεργοποίηση
627,πώς μπορώ δω ένας ανάλυση όλος κλήσεων μηνυμάτο,15,ανάλυση κλήσεων
628,δηλώσω σταθερό μου ως απόρρητος,14,διακανονισμός οφειλής
629,θέλω βοήθεια,18,υπηρεσία
630,θέλω μιλήσω τμήμα κάνω διακανονισμός,1,ενημέρωση υπολοίπου
631,μπορούσας έχω πρόσβαση ανάλυση λογαριασμός σταθερού,3,ανάλυση λογαριασμού
632,πώς ανοίγω hotspot,17,hotspot
633,θέλω υπηρεσία,18,υπηρεσία
634,ενημερώστε ανάλυση κλήσεων,9,πρόγραμμα
635,έχω μιλήνω ένας ραντεβού,5,ραντεβού
636,θέλω καταχωρήσω αίτηση,7,αίτηση
637,θέλω προσθέσω λεπτά ομιλία,0,αγορά χρόνου ομιλίας
638,κάτι πάει καλά hotspot,17,hotspot
639,θέλω αποπληρώσως σταθερός μου,14,διακανονισμός οφειλής
640,πώς μπορώ καταχωρήσω αίτηση,7,αίτηση
641,θέλω κάνω εξόφληση λογαριασμός,3,ανάλυση λογαριασμού
642,θέλω καταχωρήσω αίτημα,7,αίτηση
643,θέλω ενημερωθώ διακανονισμός,1,ενημέρωση υπολοίπου
644,χρόνος λέω,0,αγορά χρόνου ομιλίας
645,ανάλυση εισερχόμενος μηνυμάτο,9,πρόγραμμα
646,βγήκε επιδότηση τηλέφωνό μου,2,λογαριασμός κινητού
647,κάνω εξόφληση λογαριασμός τηλέφωνό μου,2,λογαριασμός κινητού
648,πώς μπορώ κάνω διακανονισμός σταθερής τηλεφωνία,2,λογαριασμός κινητού
649,πόσος χρήμα χρωστάω τελικά,10,χρέος
650,αγορά πρόγραμμα χρόνος ομιλία,0,αγορά χρόνου ομιλίας
651,έχω επιδότηση,10,χρέος
652,άμεσος πραγματοποίηση ανανέωση,16,ανανέωση
653,επιθυμώ βάλω χρόνος ομιλία,0,αγορά χρόνου ομιλίας
654,μπορώ κάνω βιντεοκλήση,13,βιντεοκλήση
655,πληροφορία ένας ραντεβού,5,ραντεβού
656,θέλω μάθω πόσα χρήμα οφείλω,10,χρέος
657,θέλω ενεργοποίηση,14,διακανονισμός οφειλής
658,απόκρυψη,1,ενημέρωση υπολοίπου
659,θέλω κάνω εξόφληση παραστατικός σταθερού μου,14,διακανονισμός οφειλής
660,θέλω ένας νέος tablet,4,tablet
661,επιθυμώ κάνω αίτημα,7,αίτηση
662,θέλω κάνω ενεργοποίηση πρόγραμμα ομιλία,0,αγορά χρόνου ομιλίας
663,θέλω εγώ βάλετε λεπτό ομιλία καρτοκινητό μου,0,αγορά χρόνου ομιλίας
664,θέλω γίνομαι αποπληρωμή λογαριασμός κινητός μου,2,λογαριασμός κινητού
665,θέλω απενεργοποιώ,19,απενεργοποίηση
666,από πού βλέπω υπόλοιπος,1,ενημέρωση υπολοίπου
667,μου κάνω ενεργοποίηση,14,διακανονισμός οφειλής
668,επιθυμώ βάλω λεπτό ομιλία,0,αγορά χρόνου ομιλίας
669,περιμένω συνάδελφος εγώ έρθει ραντεβού έχω,5,ραντεβού
670,θέλω ενημερωθώ τρόπος μπορώ γίνομαι αίτηση,7,αίτηση
671,πότε έχω προγραμματίζω νέος ραντεβού,5,ραντεβού
672,κάνω εξόφληση λογαριασμός σταθερός μου,3,ανάλυση λογαριασμού
